Jörn Zaefferer <joern.zaefferer@gmail.com> <JZA@JZA-R60>
Jörn Zaefferer <joern.zaefferer@gmail.com>
Ariel Flesler <aflesler@gmail.com>
Scott González <scott.gonzalez@gmail.com>
Richard Worth <rdworth@gmail.com>
Philippe Rathé <prathe@gmail.com>
John Resig <jeresig@gmail.com>
Will Moffat <will_git@hamstersoup.com>
Jan Kassens <jan@kassens.net>
Ziling Zhao <zizhao@cisco.com>
Ryan Szulczewski <musicmanryan@gmail.com>
Chris Lloyd <christopher.lloyd@gmail.com>
Louis-Rémi Babé <lrbabe@gmail.com> <public@lrbabe.com>
Louis-Rémi Babé <lrbabe@gmail.com> <lrbabe@lrbabe-laptop>
Louis-Rémi Babé <lrbabe@gmail.com>
Jake Archibald <jaffathecake@gmail.com> <jake.archibald@bbc.co.uk>
Jake Archibald <jaffathecake@gmail.com>
Frances Berriman <frances.berriman@bbc.co.uk>
Rune Halvorsen <runefh@gmail.com> <runeh@vorkosigan.(none)>
Rune Halvorsen <runefh@gmail.com>
Chris Thatcher <thatcher.christopher@gmail.com> <thatcher@christopher-thatchers-macbook-air.local>
Chris Thatcher <thatcher.christopher@gmail.com>
Fábio Rehm <fgrehm@gmail.com>
Leon Sorokin <leeoniya@gmail.com>
Douglas Neiner <doug@pixelgraphics.us>
Paul Elliott <paul@hashrocket.com>
Nikita Vasilyev <me@elv1s.ru>
Benjamin Lee <leebenjp@gmail.com>
Paul Irish <paul.irish@gmail.com>
Oleg Slobodskoi <oleg008@gmail.com>
Anton Matzneller <obhvsbypqghgc@gmail.com>
Aurélien Bombo <hellosexyprout@gmail.com>
Mathias Bynens <mathias@qiwi.be>
Erik Vold <erikvvold@gmail.com>
Wesley Walser <waw325@gmail.com> <wwalser@atlassian.com>
Wesley Walser <waw325@gmail.com>
Rob Kinninmont <robk@twitter.com>
Marc Portier <marc.portier@gmail.com>
Michael Righi <michael@righi.me>
Timo Tijhof <krinklemail@gmail.com>
Jan Alonzo <jmalonzo@taguchimail.com>
Daniel Trebbien <dtrebbien@gmail.com>
Bob Fanger <bfanger@gmail.com>
Markus Messner-Chaney <markus.messner-chaney@xing.com>
Trevor Parscal <trevorparscal@gmail.com>
Ashar Voultoiz <hashar@free.fr>
Jimmy Mabey <jimmy@velsoft.com>
Domenic Denicola <domenic@domenicdenicola.com>
Mike Sherov <mike.sherov@gmail.com>
Seong-A Kong <simonz@daumcorp.com>
Graham Conzett <conzett@gmail.com>
Niall Smart <niall@pobox.com>
Johan Sörlin <spocke@moxiecode.com>
Gijs Kruitbosch <gijskruitbosch@gmail.com>
Erkan Yilmaz <erkan77@gmail.com>
Jonathan Sanchez <jsanchezpando@cirb.irisnet.be>
Keith Cirkel <github@keithcirkel.co.uk>
Rick Waldron <waldron.rick@gmail.com>
Herbert Vojčík <herby@mailbox.sk>
Richard Gibson <richard.gibson@gmail.com>
Alex J Burke <alex@alexjeffburke.com>
Sergii Kliuchnyk <sergiikliuchnyk@gmail.com> <Sergii@.(none)>
Sergii Kliuchnyk <sergiikliuchnyk@gmail.com>
Corey Frang <gnarf@gnarf.net>
John Reeves <john@jonnyreeves.co.uk> <jonny.reeves@yamaha.co.uk>
John Reeves <john@jonnyreeves.co.uk>
Antranig Basman <antranig.basman@colorado.edu>
Vivin Paliath <vivin.paliath@gmail.com>
Joshua Niehus <jm.niehus@gmail.com>
Gavin Huang <gravof@gmail.com>
Jonas Ulrich <jochenulrich@t-online.de>
Jamie Hoover <dont.tase@me.com>
James M. Greene <james.m.greene@gmail.com>
Rodney Rehm <mail+github@rodneyrehm.de>
Peter Wagenet <peter.wagenet@gmail.com>
clog <clog@posxto.eo>
Matthew Mirande <itsbusticated@gmail.com>
Jared Wyles <jared.wyles@gmail.com>
Dmitry Gusev <dmitry.gusev@gmail.com>
Ian Wallis <qazzian@gmail.com> <ian@travelmatch.co.uk>
Ian Wallis <qazzian@gmail.com>
Dan Andreescu <dan.andreescu@gmail.com> <dandreescu@wikimedia.org>
Dan Andreescu <dan.andreescu@gmail.com>